{"cameraMode":{"drawMode":0,"name":"Shaded","section":"Shading Mode"},"sceneLighting":true,"audioPlay":false,"sceneViewState":{"showFog":true,"showMaterialUpdate":false,"showSkybox":true,"showFlares":true,"showImageEffects":true,"showParticleSystems":true},"in2DMode":false,"pivot":{"x":-5.960464477539063e-8,"y":1.600000023841858,"z":-8.0},"rotation":{"x":0.21763969957828523,"y":-0.12985476851463319,"z":0.02923210710287094,"w":0.9669106602668762},"size":2.172001600265503,"orthographic":true}